FDD, ID, Source, Function, Line(s), Status, Comment
, , .SwFileName, .SwFuncName, .SwLines, .SwStatus, .SwComment
ES249B,25,MotAgCorrln.c,MotAgCorrlnPer1,818-821,I,""
ES249B,22,MotAgCorrln.c,MotAgCorrlnPer1,818-821,I,""
ES249B,48,MotAgCorrln.c,MotAgCorrlnPer1,787,I,""
ES249B,49,MotAgCorrln.c,MotAgCorrlnPer1,789,I,""
ES249B,28,MotAgCorrln.c,MotAgOKCheck,"960,976",I,""
ES249B,31,MotAgCorrln.c,MotAgOKCheck,971,I,""
ES249B,51,MotAgCorrln.c,MotAgCorrlnPer1,878,I,""
ES249B,53,MotAgCorrln.c,MotAgCorrlnPer1,796-814,I,""
ES249B,52,MotAgCorrln.c,MotAgCorrlnPer1,877,I,""
ES249B,91,MotAgCorrln.c,MotAgCorrlnPer1,"823-833,860-870",I,""
ES249B,65,MotAgCorrln.c,MotAgCorrlnPer1,788,I,""
ES249B,66,MotAgCorrln.c,MotAgCorrlnPer1,790,I,""
ES249B,67,MotAgCorrln.c,MotAgCorrlnPer1,792,I,""
ES249B,68,MotAgCorrln.c,MotAgCorrlnPer1,791,I,""
ES249B,90,MotAgCorrln.c,MotAgCorrlnPer1,860-870,I,""
ES249B,93,MotAgCorrln.c,MotAgCorrlnPer1,"823-833,860-870",I,""
ES249B,101,MotAgCorrln.c,MotAgCorrlnPer1,837,I,""
ES249B,107,MotAgCorrln.c,MotAgOKCheck,962,I,""
ES249B,96,MotAgCorrln.c,MotAgCorrlnPer1,837,I,""